name,album,artist,id,release_date,popularity,danceability,energy,valence,loudness,kmeans
(Nice Dream),The Bends,Radiohead,4QbQ55kHcRNho6XLaPctT1,1995-03-28,55,0.262,0.567,0.377,-11.075,0
15 Step,In Rainbows,Radiohead,6dsq7Nt5mIFzvm5kIYNORy,2007-12-28,61,0.6,0.853,0.847,-7.584,0
2 + 2 = 5,Hail To the Thief,Radiohead,37kUGdEJJ7NaMl5LFW4EA4,2003,57,0.443,0.717,0.386,-5.498,0
A Brain in a Bottle,Tomorrow's Modern Boxes,Thom Yorke,0ztEZNjeZQ45nMcsqYxxyc,2014,43,0.787,0.558,0.431,-12.365,0
A Punch Up At a Wedding,Hail To the Thief,Radiohead,2LfUYXF8jfrHCfwYyf2pRj,2003,50,0.603,0.507,0.568,-9.965,0
A Wolf At the Door,Hail To the Thief,Radiohead,66cuLvkHsW7dNkfNk6gQP9,2003,52,0.48,0.675,0.37,-7.134,0
Airbag,OK Computer,Radiohead,3OsUjkcv1C1v5udFhgRSFg,1997-05-28,58,0.306,0.872,0.648,-7.313,0
Airbag - Remastered,OK Computer OKNOTOK 1997 2017,Radiohead,4F4Wtw45jKohdzu9onG6WH,2017-06-23,48,0.319,0.935,0.63,-5.709,0
Amok,AMOK,Atoms For Peace,2r4cSpg6mKnb8wBBN5g5hz,2013-02-25,38,0.618,0.811,0.669,-7.075,0
Analyse,The Eraser,Thom Yorke,5fOOQFVHQb1M58iSYebKeW,2006-07-10,45,0.56,0.841,0.42,-8.394,0
Analyse (Various Remix),The Eraser Rmxs,Thom Yorke,5kvkww23niURT9M1F9sjGs,2008,19,0.726,0.706,0.589,-7.402,0
And It Rained All Night,The Eraser,Thom Yorke,0jXGA2HfX89Ofgm0F5vVjI,2006-07-10,38,0.306,0.914,0.34,-7.083,0
And It Rained All Night (Burial Remix),The Eraser Rmxs,Thom Yorke,70jx2rO4bbtUqlgGu96Q3X,2008,25,0.688,0.959,0.676,-7.056,0
Anyone Can Play Guitar,Pablo Honey,Radiohead,4NUc1M0CS7b6zvWoyvibju,1993-02-22,50,0.294,0.813,0.554,-10.772,0
Atoms For Peace (Four Tet Remix),The Eraser Rmxs,Thom Yorke,2rxBZkJX2MXrsFEJrSWi27,2008,32,0.622,0.629,0.73,-10.661,0
Backdrifts,Hail To the Thief,Radiohead,6CVdTDYoDbwYj4xn8u5Gha,2003,51,0.718,0.718,0.732,-10.06,0
Bangers + Mash,In Rainbows (Disk 2),Radiohead,2mAWzzAi9pdKwteyg0lNqj,2007-12-03,42,0.637,0.98,0.65,-4.981,0
Before Your Very Eyes...,Before Your Very Eyes... / Magic Beanz,Atoms For Peace,5kbhsf3kdmjbzCFtTaufPd,2013-07-01,21,0.554,0.801,0.408,-11.339,0
Black Star,The Bends,Radiohead,6JzzI3YxHCcjZ7MCQS2YS1,1995-03-28,55,0.288,0.555,0.307,-7.431,0
Black Swan,The Eraser,Thom Yorke,4VbV8Zyjuu1qz0QteX1wVC,2006-07-10,56,0.613,0.791,0.509,-7.293,0
Black Swan (Cristian Vogel Spare Parts Remix),The Eraser Rmxs,Thom Yorke,3H4exceNzDQZd5gi0hS70f,2008,22,0.655,0.939,0.471,-8.744,0
Black Swan (Vogel Bonus Beat Eraser Remix),The Eraser Rmxs,Thom Yorke,6Ee6U8v7H7REp4l0AsW7tL,2008,19,0.855,0.705,0.534,-9.887,0
Bloom,The King Of Limbs,Radiohead,6tLALP9mi7VbNC7s16iBRK,2011-02-18,51,0.518,0.959,0.341,-7.596,0
Bloom (Blawan Rmx),TKOL RMX 1234567,Radiohead,1AVrv7FD10FoKW38oBiKRg,2011-10-10,29,0.582,0.949,0.0327,-7.958,0
Bloom (Harmonic 313 Rmx),TKOL RMX 1234567,Radiohead,1CxhtUbe1o2PeMM3l5Kch6,2011-10-10,32,0.443,0.665,0.185,-13.055,0
Bloom (Mark Pritchard Rmx),TKOL RMX 1234567,Radiohead,2H7Y8wYixrSlKJoaZ1N2yl,2011-10-10,31,0.414,0.712,0.286,-7.97,0
Bloom (Objekt RMX),TKOL RMX 1234567,Radiohead,6M0NzgHVT1FL7vPIUTZlXD,2011-10-10,27,0.832,0.674,0.237,-9.099,0
Blow Out,Pablo Honey,Radiohead,6qttbImnJ5wuA8AtDKEy18,1993-02-22,45,0.284,0.719,0.289,-10.739,0
Bodysnatchers,In Rainbows,Radiohead,4m0Vgr48VFaMYw0Sp1ozJu,2007-12-28,59,0.343,0.977,0.727,-4.993,0
Bones,The Bends,Radiohead,0OT4Rhd9cw1yajN9ZxL6qL,1995-03-28,52,0.358,0.705,0.419,-8.284,0
Burn the Witch,A Moon Shaped Pool,Radiohead,3pcCifdPTc2BbqmWpEhtUd,2016-05-08,57,0.541,0.847,0.62,-6.52,0
Climbing Up the Walls,OK Computer,Radiohead,0R332cdlS9LyE0Ge2PSlVC,1997-05-28,55,0.172,0.655,0.221,-7.476,0
Climbing Up the Walls - Remastered,OK Computer OKNOTOK 1997 2017,Radiohead,2Pquc3xvWghdFuf0HrjLUx,2017-06-23,45,0.266,0.633,0.227,-6.933,0
Codex (Illum Sphere),TKOL RMX 1234567,Radiohead,7krim8C3DpTu1ShdoZezix,2011-10-10,30,0.441,0.575,0.0678,-10.58,0
Creep,Pablo Honey,Radiohead,6b2oQwSGFkzsMtQruIWm2p,1993-02-22,82,0.515,0.43,0.104,-9.935,0
Cymbal Rush (The Field Late Night Essen Und Trinken Remix),The Eraser Rmxs,Thom Yorke,1pTo3vsa6ERI8OXN6ezA5b,2008,24,0.66,0.488,0.0317,-16.641,0
Default,Default / What the Eyeballs Did,Atoms For Peace,6F25XOoQ6bZsdh0Xc47ob6,2012-12-04,20,0.793,0.855,0.697,-4.863,0
Dollars & Cents,Amnesiac,Radiohead,2mvmuCtmmrERnm03ULdDye,2001-03-12,45,0.325,0.565,0.0881,-7.303,0
Dollars & Cents (Live),I Might Be Wrong,Radiohead,3dM4EViXbO9TH5SYsvcVmj,2001,31,0.261,0.71,0.237,-10.308,0
Down Is The New Up,In Rainbows (Disk 2),Radiohead,6CNt7GXfOOS5Hkxu8e4vav,2007-12-03,43,0.532,0.845,0.125,-6.967,0
Dropped,AMOK,Atoms For Peace,3UpMuTtzhnVNQGUlfP5zfj,2013-02-25,37,0.611,0.739,0.69,-5.735,0
Electioneering,OK Computer,Radiohead,6PBHfI3G8MlQ8qdItoVoxL,1997-05-28,53,0.185,0.889,0.331,-5.491,0
Electioneering - Remastered,OK Computer OKNOTOK 1997 2017,Radiohead,2HpUjdaboRlwPOSZT1UZrZ,2017-06-23,44,0.204,0.951,0.44,-4.345,0
FeelingPulledApartByHorses,FeelingPulledApartByHorses,Thom Yorke,53MpsXQZGUULbdPEa90sPl,2009,31,0.647,0.702,0.538,-8.799,0
Feral,The King Of Limbs,Radiohead,0eECFDnWy0RdjMmJ8NOeAL,2011-02-18,44,0.49,0.777,0.729,-11.521,0
Feral (Lone RMX),TKOL RMX 1234567,Radiohead,3zkFTfcboFcOdno0CHCmTc,2011-10-10,31,0.761,0.877,0.222,-7.806,0
Ful Stop,A Moon Shaped Pool,Radiohead,4CzTgOmc3Sdm4EgKQWzjQl,2016-05-08,52,0.426,0.661,0.178,-9.877,0
Give Up The Ghost (Brokenchord Rmx),TKOL RMX 1234567,Radiohead,410fAd2tXU8aEb4vrGzslY,2011-10-10,29,0.454,0.615,0.0964,-9.076,0
Give Up The Ghost (Thriller Houseghost Remix),TKOL RMX 1234567,Radiohead,1gaAIZ4vGQ6QvDUgN2Xyus,2011-10-10,30,0.596,0.894,0.143,-9.477,0
Go To Sleep,Hail To the Thief,Radiohead,6TdGeb9e2KL6RZG0VxoTMd,2003,51,0.288,0.86,0.66,-6.311,0
Good Evening Mrs Magpie (Modeselektor RMX),TKOL RMX 1234567,Radiohead,0tKuiKb2mazZYdA6fPP7kI,2011-10-10,31,0.774,0.637,0.0438,-11.858,0
Harrowdown Hill,The Eraser,Thom Yorke,2C3xIudHEjCIS5KT4JuM0b,2006-07-10,44,0.705,0.668,0.217,-8.426,0
Harrowdown Hill (Extended Mix),Spitting Feathers,Thom Yorke,37tMM4xyX5fi5e3LTjdP5Q,2006-08-21,19,0.755,0.613,0.173,-10.254,0
Harrowdown Hill (The Bug Remix),The Eraser Rmxs,Thom Yorke,2jvBbSXn5aeA9rNwEtcPYA,2008,23,0.534,0.958,0.141,-5.932,0
Hearing Damage,Hearing Damage,Thom Yorke,7z8KQiJ4kclFjGGjDRkvFK,2009-10-18,56,0.627,0.86,0.144,-6.321,0
High And Dry,The Bends,Radiohead,5jafMI8FLibnjkYTZ33m0c,1995-03-28,73,0.418,0.383,0.352,-11.782,0
House Of Cards,In Rainbows,Radiohead,3Jc6X15OZCCyhGSHBF4hwB,2007-12-28,63,0.71,0.496,0.637,-9.638,0
How Do You?,Pablo Honey,Radiohead,71wIOoaoVMUwskK5yCXZL4,1993-02-22,46,0.185,0.964,0.239,-8.316,0
I Can't,Pablo Honey,Radiohead,48IEDejXX5LH8TAC3VIGpc,1993-02-22,43,0.284,0.825,0.276,-10.256,0
I Might Be Wrong,Amnesiac,Radiohead,0JhpYE9xA3UpSFrmXTZyIF,2001-03-12,58,0.601,0.735,0.505,-8.321,0
I Might Be Wrong (Live),I Might Be Wrong,Radiohead,2hWZJox4TXssEA8lNUBxPN,2001,36,0.409,0.943,0.332,-8.843,0
I Promise,OK Computer OKNOTOK 1997 2017,Radiohead,6V9PDDZ2pHQCUleRXvRYQ1,2017-06-23,54,0.441,0.435,0.487,-8.457,0
Identikit,A Moon Shaped Pool,Radiohead,3LhtqibvTtjOUrzKs7Vsz1,2016-05-08,52,0.692,0.458,0.35,-9.461,0
Idioteque,Kid A,Radiohead,7xqeIdLJSf3bgmZ7vUvHrE,2000-10-01,59,0.615,0.931,0.53,-7.8,0
Idioteque (Live In Oxford),I Might Be Wrong,Radiohead,3Em5EatvVONefKtPAjXad0,2001,36,0.493,0.979,0.322,-6.132,0
Iluvya,Spitting Feathers,Thom Yorke,1hTaPnoIphvtCMr4uVkVV7,2006-08-21,16,0.613,0.985,0.702,-6.347,0
Impossible Knots,ANIMA,Thom Yorke,0yOwZ2cIZAJpBKZKfSKZUI,2019-06-27,38,0.218,0.675,0.53,-10.789,0
Jigsaw Falling Into Place,In Rainbows,Radiohead,15ea10YpJIl3mJq75yzqsD,2007-12-28,63,0.461,0.833,0.808,-6.082,0
Judge Jury and Executioner,AMOK,Atoms For Peace,24YY8ILPDSKapND4kzP1gi,2013-02-25,35,0.89,0.66,0.634,-7.706,0
Just,The Bends,Radiohead,4SE81CrzH0qPA8KHqM9Syz,1995-03-28,61,0.291,0.767,0.358,-6.913,0
Karma Police,OK Computer,Radiohead,3SVAN3BRByDmHOhKyIDxfC,1997-05-28,74,0.36,0.505,0.317,-9.129,0
Karma Police - Remastered,OK Computer OKNOTOK 1997 2017,Radiohead,24yaR0CyO2oRISmeL2AvVj,2017-06-23,49,0.389,0.577,0.367,-7.578,0
Kid A,Kid A,Radiohead,4x7XJOE2ml2P3o3i77466j,2000-10-01,55,0.63,0.429,0.168,-15.54,0
Knives Out,Amnesiac,Radiohead,2xbrMtkxp399aSiCJ8EAON,2001-03-12,57,0.433,0.675,0.184,-6.702,0
Let Down,OK Computer,Radiohead,4aOAzvRdOsZSwZIgwcdeL0,1997-05-28,60,0.352,0.674,0.145,-9.018,0
Let Down - Remastered,OK Computer OKNOTOK 1997 2017,Radiohead,7BOXzaH1Rv9JLUgwvAkID5,2017-06-23,49,0.364,0.752,0.122,-7.125,0
Lift,OK Computer OKNOTOK 1997 2017,Radiohead,0EbIifYAM9wTYlPzKgTwFA,2017-06-23,48,0.309,0.547,0.157,-7.752,0
Little By Little,The King Of Limbs,Radiohead,4tCwsdqqG4jASHhbsMHCx0,2011-02-18,46,0.619,0.886,0.604,-8.423,0
Little By Little (Caribou Rmx),TKOL RMX 1234567,Radiohead,6Unw1AAcpS1ZgZoRlj2jxA,2011-10-10,39,0.8,0.586,0.126,-9.633,0
Little By Little (Shed),TKOL RMX 1234567,Radiohead,1mlpZ1Zv1CZSAVsXKQYnQY,2011-10-10,29,0.344,0.79,0.472,-9.084,0
Lotus Flower,The King Of Limbs,Radiohead,1amSa5xo79zINsgrpNlNge,2011-02-18,58,0.721,0.676,0.621,-8.78,0
Lotus Flower (Jacques Greene Rmx),TKOL RMX 1234567,Radiohead,5hfzW7LG97Hxv62HHUKgaj,2011-10-10,39,0.629,0.592,0.169,-8.405,0
Lotus Flower (SBTRKT RMX),TKOL RMX 1234567,Radiohead,1MheF7RyAsg9tuI6Vje9SB,2011-10-10,31,0.792,0.49,0.422,-8.229,0
Lurgee,Pablo Honey,Radiohead,2B5P22cfUadACK7jLQegU6,1993-02-22,43,0.42,0.548,0.408,-12.298,0
Magic Beanz,Before Your Very Eyes... / Magic Beanz,Atoms For Peace,1Udj37KFsXJkbCERPfbTCD,2013-07-01,24,0.344,0.951,0.18,-7.031,0
Meeting in the Aisle - Remastered,OK Computer OKNOTOK 1997 2017,Radiohead,5tDkjUaPiTYne5aDtg6ZUE,2017-06-23,43,0.385,0.776,0.148,-4.871,0
Morning Bell (Live In Oxford),I Might Be Wrong,Radiohead,5MwVV6v5ak6NecRGXazcPJ,2001,33,0.519,0.8,0.341,-7.207,0
Morning Mr Magpie,The King Of Limbs,Radiohead,3wxmJSQ3Z1HfAuxeHQoZcE,2011-02-18,46,0.648,0.588,0.403,-10.993,0
Morning Mr Magpie (Nathan Fake Rmx),TKOL RMX 1234567,Radiohead,64lecUR19lBSu317AzVZv3,2011-10-10,33,0.661,0.707,0.846,-7.023,0
My Iron Lung,The Bends,Radiohead,4dPKQxaraW6CG1rTBzV6DW,1995-03-28,55,0.242,0.859,0.671,-8.4,0
